1|18|2023-07-21|미사용
2|24|2022-12-25|미사용
3|37|2022-12-20|미사용
4|31|2023-03-19|사용 완료
5|35|2023-08-31|사용 완료
6|8|2023-07-20|미사용
7|4|2023-04-19|사용 완료
8|7|2022-12-15|미사용
9|45|2022-11-13|미사용
10|5|2023-08-31|미사용
11|1|2023-07-06|미사용
12|3|2023-04-15||사용 완료
13|9|2022-12-18|1미사용
14|11|2023-03-10|1미사용
15|24|2023-08-31|사용 완료
16|2|2023-07-06|미사용
17|4|2023-04-15|사용 완료
18|7|2022-12-18|미사용
19|8|2023-03-10|사용 완료
20|5|2023-08-31|사용 완료
21|13|2023-07-06|미사용
22|49|2023-08-15|사용 완료
23|23|2022-11-18|사용 완료
24|21|2022-12-10|사용 완료
25|45|2023-09-31|사용 완료
26|33|2023-08-06|사용 완료
27|34|2023-08-15|미사용
28|27|2023-01-18|사용 완료
29|23|2023-01-10|사용 완료
30|14|2023-08-28|미사용
31|22|2023-07-08|사용 완료
32|49|2022-12-15|미사용
33|23|2022-12-18|사용 완료
34|41|2022-12-10|미사용
35|35|2023-02-31|사용 완료
36|38|2023-02-06||사용 완료
37|44|2023-03-15||사용 완료
38|47|2022-11-18||사용 완료
39|23|2023-04-10|미사용
40|8|2023-08-31|사용 완료
41|43|2023-07-16|미사용
42|48|2023-04-05|미사용
43|3|2022-12-08||사용 완료
44|20|2022-11-10|사용 완료
45|11|2023-08-31|사용 완료
46|42|2023-07-13|사용 완료
47|29|2023-04-17|사용 완료
48|37|2023-12-20|사용 완료
49|33|2022-12-15|미사용
50|34|2023-08-31|미사용
